Display Venues,2023-06-06T20:54:51.474923500
Display Venues,2023-06-06T20:54:52.664914700
Displaying Users...,2023-06-06T20:54:53.765907600
Saving Files...,2023-06-06T20:55:12.351906900
Saving Files...,2023-06-06T20:55:20.345957600
Display Venues,2023-06-06T21:21:59.958577500
Display Venues,2023-06-06T21:22:00.951578400
Display Venues,2023-06-06T21:22:01.334575500
Displaying Users...,2023-06-06T21:22:06.399984100
Displaying Users...,2023-06-06T21:22:07.277574800
Display Venues,2023-06-06T21:22:09.764579
Display Venues,2023-06-06T21:22:10.038577800
Display Venues,2023-06-06T21:22:10.533591200
Display Venues,2023-06-06T21:22:10.723636200
Displaying Users...,2023-06-06T21:22:12.679584300
Saving Files...,2023-06-06T21:22:18.836864
Display Venues,2023-06-06T21:26:11.540503600
Display Venues,2023-06-06T21:26:22.064522800
Display Venues,2023-06-06T21:26:22.635533600
Display Venues,2023-06-06T21:26:22.922524100
Display Venues,2023-06-06T21:26:23.793529900
Display Venues,2023-06-06T21:26:23.975875800
Display Venues,2023-06-06T21:26:24.411536900
Display Venues,2023-06-06T21:26:24.635522900
Display Venues,2023-06-06T21:26:24.835535600
Display Venues,2023-06-06T21:26:25.036533300
Displaying Users...,2023-06-06T21:26:29.121521300
Displaying Users...,2023-06-06T21:26:30.008531600
Displaying Users...,2023-06-06T21:26:30.222522300
Saving Files...,2023-06-06T21:26:55.661525400
Display Orders,2023-06-06T21:36:08.117417700
Display Orders,2023-06-06T21:37:16.439394400
Displaying Deliveries...,2023-06-06T21:37:37.284386200
Display Orders,2023-06-06T21:37:37.787387500
Displaying Deliveries...,2023-06-06T21:37:38.579406700
Adding Delivery...,2023-06-06T21:37:46.727386500
Displaying Deliveries...,2023-06-06T21:38:08.087384500
Display Orders,2023-06-06T21:38:09.581379800
Displaying Users...,2023-06-06T21:38:11.697378400
Adding User...,2023-06-06T21:38:18.466378100
Displaying Users...,2023-06-06T21:38:30.683374700
Saving Files...,2023-06-06T21:38:43.093370600
Display Orders,2023-06-06T21:47:51.111079500
Saving Files...,2023-06-06T21:47:53.406259
Saving Files...,2023-06-06T21:48:00.586269500
Display Orders,2023-06-06T21:48:12.045261200
Saving Files...,2023-06-06T21:48:16.006256600
Displaying Deliveries...,2023-06-06T22:12:41.336799700
Display Orders,2023-06-06T22:12:41.780961900
Display Venues,2023-06-06T22:12:42.315122700
Display Venues,2023-06-06T22:12:42.383725900
Displaying Users...,2023-06-06T22:12:46.797413700
Displaying Deliveries...,2023-06-06T22:12:47.435961100
Displaying Deliveries...,2023-06-06T22:12:47.940957100
Displaying Deliveries...,2023-06-06T22:12:48.537960400
Display Venues,2023-06-06T22:12:57.971969900
Display Orders,2023-06-06T22:12:59.743969300
Displaying Deliveries...,2023-06-06T22:13:01.226956700
